Manhattan,4
Manhattan,24
Manhattan,12
Manhattan,13
Manhattan,41
Manhattan,45
Manhattan,42
Manhattan,43
Manhattan,48
Manhattan,50
Manhattan,68
Manhattan,79
Manhattan,74
Manhattan,75
Manhattan,87
Manhattan,88
Manhattan,90
Manhattan,125
Manhattan,100
Manhattan,107
Manhattan,113
Manhattan,114
Manhattan,116
Manhattan,120
Manhattan,127
Manhattan,128
Manhattan,151
Manhattan,140
Manhattan,137
Manhattan,141
Manhattan,142
Manhattan,152
Manhattan,143
Manhattan,144
Manhattan,148
Manhattan,153
Manhattan,158
Manhattan,161
Manhattan,162
Manhattan,163
Manhattan,164
Manhattan,170
Manhattan,166
Manhattan,186
Manhattan,194
Manhattan,202
Manhattan,209
Manhattan,211
Manhattan,224
Manhattan,229
Manhattan,230
Manhattan,231
Manhattan,239
Manhattan,232
Manhattan,233
Manhattan,234
Manhattan,236
Manhattan,237
Manhattan,238
Manhattan,263
Manhattan,243
Manhattan,244
Manhattan,246
Manhattan,249
Manhattan,261
Manhattan,262
